Fund Name,P1,P2,P3,P4,P5,TOPSIS Score,Rank
M1,0.67,0.45,3.1,43.0,11.81,0.3971355363795402,6.0
M2,0.91,0.83,3.1,36.9,10.44,0.4659087126412689,5.0
M3,0.94,0.88,5.8,55.4,15.76,0.6679612276324028,1.0
M4,0.88,0.77,7.0,64.3,18.24,0.6648567796603505,2.0
M5,0.62,0.38,3.4,58.6,15.75,0.5684675337763869,4.0
M6,0.84,0.71,5.7,52.8,15.01,0.5704237674371501,3.0
M7,0.71,0.5,6.8,34.8,10.7,0.12194814181873462,8.0
M8,0.65,0.42,6.7,48.1,13.97,0.3197624290953114,7.0
